INSERT INTO vik_difficulty (dif_id, dif_dist_min, dif_dist_max)
VALUES (1, 0.00, 5.00),
       (2, 5.01, 10.00),
       (3, 10.01, 20.00);

INSERT INTO vik_type (type_id, type_name)
VALUES (1, 'compétition'),
       (2, 'loisir / rando');

INSERT INTO vik_age_category (age_id, age_min, age_max)
VALUES (1, 12, 15),
       (2, 16, 17),
       (3, 18, 99);

INSERT INTO vik_admin (user_id, user_username, user_password)
VALUES (1, 'admin', '$2y$12$B95f2kS8zdnxOPPlBW0bf.5XfhjIN9BT81IRT/oNdk3WJ/QQ4OAmC');


INSERT INTO vik_member (user_id, mem_name, mem_firstname, mem_birthdate, mem_adress, mem_phone, mem_email, mem_default_licence, user_username, user_password) VALUES
(10, 'DURAND', 'Paul', '1992-05-14', '7 rue des roses, 14000 Caen', '0618457850', 'paul.durand@email.fr', '70000001', 'pauld', '$2y$12$WfV8NHDXMqO/x/aoM57/6uXCip9ddMFdK0F9y4qgQKt/UuHNzkno.'),
(11, 'DUPONT', 'Claire', '1992-05-14', '12 rue des Pins, 77100 MEAUX', '0612457890', 'c.dumont@email.fr', '1204558', 'cclaire', '$2y$12$WfV8NHDXMqO/x/aoM57/6uXCip9ddMFdK0F9y4qgQKt/UuHNzkno.'),
(12, 'PETIT', 'Antoine', '2002-01-03', '5 chemin du Lac, 25140 Charquemont', '0711223344', 'thomas.leroy@test.fr', '2025-T1L1F3' , 'pantoine', '$2y$12$WfV8NHDXMqO/x/aoM57/6uXCip9ddMFdK0F9y4qgQKt/UuHNzkno.'),
(13, 'BERNARD', 'Lucas', '1988-11-30', '3 allée des Sports, 91000 Évry', '0766778899', 'lucas.bernard@test.fr', '91002345', 'blucas', '$2y$12$WfV8NHDXMqO/x/aoM57/6uXCip9ddMFdK0F9y4qgQKt/UuHNzkno.'),
(14, 'ANNE', 'Jean-François', '1964-11-05', '27 rue des tilleuls 14123 Cormelles Le Royal', '0645389485', 'jeanfrancois.anne@unicaen.fr', '56723478', 'jfa', '$2y$12$WfV8NHDXMqO/x/aoM57/6uXCip9ddMFdK0F9y4qgQKt/UuHNzkno.'),
(30, 'PICOT', 'Solal', '2006-11-13', '134 rue d\'authie, 14000 Caen', '0766712260', 'solal.picot@gmail.com', 'picots', '70000002', '$2y$12$WfV8NHDXMqO/x/aoM57/6uXCip9ddMFdK0F9y4qgQKt/UuHNzkno.');


INSERT INTO vik_club (club_id, user_id, club_name, club_address, club_active) VALUES
(1, 11, 'CO Azimut 77', '24 Rue de la Rochette 77000 Melun', 1),
(2, 12, 'Balise 25', '2 Avenue Léo Lagrange 25000 Besançon', 1),
(3, 13, 'Raidlinks', '14 Place des Terrasses de l''Agora 91000 EVRY', 1),
(4, 14, 'VIKAZIM', '28 rue des bleuets 14000 CAEN', 1),
(5, 10, 'Balises & co', '134 rue d\'authie, 14000 Caen', 1),
(6, 30, 'Orienteering Rouen', '5 Impasse Marcel Couchaux, 76000 Rouen', 1);

UPDATE vik_member SET club_id = 1 WHERE user_id = 11;
UPDATE vik_member SET club_id = 2 WHERE user_id = 12;
UPDATE vik_member SET club_id = 3 WHERE user_id = 13;
UPDATE vik_member SET club_id = 4 WHERE user_id = 14;
UPDATE vik_member SET club_id = 5 WHERE user_id = 10;
UPDATE vik_member SET club_id = 6 WHERE user_id = 30;

INSERT INTO vik_member (user_id, club_id, mem_name, mem_firstname, mem_birthdate, mem_adress, mem_phone, mem_email, mem_default_licence, user_username, user_password) VALUES
(15, 1, 'MARTIN', 'Julien', '1990-04-15', '12 rue des Pins, 77000 Melun', '0612345678', 'julien.martin@test.fr', 77001234, 'mjulien', '$2y$12$WfV8NHDXMqO/x/aoM57/6uXCip9ddMFdK0F9y4qgQKt/UuHNzkno.'),
(16, 3, 'DUMONT', 'Clara', '1985-09-22', '45 rue des plantes 14123 IFS', '0698765432', 'claire.dupont@test.fr', 25004567, 'dclara', '$2y$12$WfV8NHDXMqO/x/aoM57/6uXCip9ddMFdK0F9y4qgQKt/UuHNzkno.'),
(17, 4, 'MARVELI', 'Sandra', '1995-07-18', '8 bis rue du Parc, 14400 BAYEUX', '0655443322', 'sophie.moreau@test.fr', 64005678, 'msandra', '$2y$12$WfV8NHDXMqO/x/aoM57/6uXCip9ddMFdK0F9y4qgQKt/UuHNzkno.'),
(18, 2, 'LEFEBVRE', 'Thomas', '1985-11-23', '5 avenue de l''Europe, 25200 Montbéliard', '0654892133', 't.lefebvre@orange.fr', 2298741, 'lthomas', '$2y$12$WfV8NHDXMqO/x/aoM57/6uXCip9ddMFdK0F9y4qgQKt/UuHNzkno.'),
(19, 3, 'MOREAU', 'Sophie', '2001-02-02', '21 route de Bayonne, 91300 MASSY', '0781024456', 'sophie.m60@wanadoo.fr', 6003214, 'msophie', '$2y$12$WfV8NHDXMqO/x/aoM57/6uXCip9ddMFdK0F9y4qgQKt/UuHNzkno.'),
(20, 1, 'LEROY', 'Thomas', '1995-08-30', '45 chemin de la Forêt, 77000 Melun', '0633571288', 'antoine.petit@gmail.com', NULL, 'lthomas77', '$2y$12$WfV8NHDXMqO/x/aoM57/6uXCip9ddMFdK0F9y4qgQKt/UuHNzkno.'),
(21, 1, 'GARNIER', 'Julie', '1988-07-12', '102 rue du Moulin, 77500 Chelles', '0765901122', 'julie.garnier@outlook.com', NULL, 'gjulie', '$2y$12$WfV8NHDXMqO/x/aoM57/6uXCip9ddMFdK0F9y4qgQKt/UuHNzkno.'),
(22, 1, 'LEROY', 'Thomas', '1974-01-19', '3 place de la Mairie, 77000 Melun', '0609883451', 'm.rousseau@sfr.fr', NULL, 'lthomas_sen', '$2y$12$WfV8NHDXMqO/x/aoM57/6uXCip9ddMFdK0F9y4qgQKt/UuHNzkno.'),
(23, 2, 'FONTAINE', 'Hugo', '2003-10-05', '2 rue des Peupliers, 25200 Athis-Mons', '0673849516', 'hugo.fontaine@test.fr', 91006754, 'fhugo', '$2y$12$WfV8NHDXMqO/x/aoM57/6uXCip9ddMFdK0F9y4qgQKt/UuHNzkno.'),
(24, 2, 'CARON', 'Léa', '1990-04-27', '6 rue du Collège, 25200 Montbéliard', '0614253647', 'lea.caron@test.fr', NULL, 'clea', '$2y$12$WfV8NHDXMqO/x/aoM57/6uXCip9ddMFdK0F9y4qgQKt/UuHNzkno.'),
(25, 2, 'PETIT', 'Emma', '2005-12-08', '4 rue des Écoles, 25200 Montbéliard', '0621436587', 'emma.petit@test.fr', 77009876, 'pemma', '$2y$12$WfV8NHDXMqO/x/aoM57/6uXCip9ddMFdK0F9y4qgQKt/UuHNzkno.'),
(26, 1, 'DORBEC', 'Paul', '1980-04-02', '22 rue des roses 77000 Melun', '0743672311', 'paul.dorbec@unicaen.fr', 23456789, 'dpaul', '$2y$12$WfV8NHDXMqO/x/aoM57/6uXCip9ddMFdK0F9y4qgQKt/UuHNzkno.'),
(27, 4, 'JACQUIER', 'Yohann', '2013-06-03', '35 rue des acacias 14123 ifs', '0642864628', 'yohann.jacquier@unicaen.fr', NULL, 'jyohann', '$2y$12$WfV8NHDXMqO/x/aoM57/6uXCip9ddMFdK0F9y4qgQKt/UuHNzkno.'),
(28, 4, 'DELHOUMI', 'Sylvian', '1985-06-02', '47 rue des chênes 14000 Caen', '0705324567', 'sylvian.delhoumi@unicaen.fr', '2025-D2S1I3', 'dsylvian', '$2y$12$WfV8NHDXMqO/x/aoM57/6uXCip9ddMFdK0F9y4qgQKt/UuHNzkno.');


INSERT INTO `vik_raid` (`raid_id`, `raid_name`, `raid_reg_start_date`, `raid_reg_end_date`, `raid_start_date`, `raid_end_date`, `raid_contact`, `raid_website`, `raid_place`, `raid_picture`, `RAID_LAT`, `RAID_LNG`, `club_id`) VALUES
(100, 'raid de la forêt de grimbosq', '2026-03-01 00:00:00', '2026-04-01 23:59:59', '2026-04-15 08:00:00', '2026-04-16 18:00:00', 'contact@vikazim.fr', 'https://vikazim.fr/raid-grimbosq', 'forêt de grimbosq', 'grimbosq.jpg', 49.04093700, -0.45469400, 1),
(101, 'raid urbain de caen', '2026-05-01 00:00:00', '2026-06-01 23:59:59', '2026-06-15 09:00:00', '2026-06-15 18:00:00', 'urbain@vikazim.fr', NULL, 'centre-ville de caen', 'urbain.jpg', 49.50357600, -1.55983400, 1),
(102, 'raid des falaises d\'etretat', '2026-06-01 00:00:00', '2026-08-01 23:59:59', '2026-08-20 07:00:00', '2026-08-21 18:00:00', 'falaise@vikazim.fr', 'https://vikazim.fr/raid-falaises', 'étretat', 'falaises.jpg', 49.70535100, 0.20974700, 1),
(103, 'raid des marais', '2026-07-10 00:00:00', '2026-09-01 23:59:59', '2026-09-12 07:30:00', '2026-09-13 18:00:00', 'marais@vikazim.fr', 'https://vikazim.fr/raid-marais', 'marais du cotentin', 'marais.jpg', 49.32940700, -1.53421500, 1),
(104, 'raid des monts', '2026-08-15 00:00:00', '2026-10-01 23:59:59', '2026-10-10 08:00:00', '2026-10-11 18:00:00', 'monts@vikazim.fr', NULL, 'monts d\'arrée', 'monts.jpg', 47.24273500, -1.50507600, 1),
(105, 'raid de la côte fleurie', '2026-09-20 00:00:00', '2026-11-01 23:59:59', '2026-11-14 09:00:00', '2026-11-14 23:00:00', 'cote@vikazim.fr', 'https://vikazim.fr/raid-cote', 'côte fleurie', 'cote.jpg', 47.40519100, 0.70813500, 1),
(106, 'Raid de l\'Estuaire', '2026-02-01 00:00:00', '2026-03-15 23:59:59', '2026-03-20 08:00:00', '2026-03-21 18:00:00', 'estuaire@vikazim.fr', 'https://vikazim.fr/estuaire', 'Honfleur', 'estuaire.jpg', 49.40938700, 0.22734400, 4),
(107, 'Raid du Perche', '2026-04-01 00:00:00', '2026-05-10 23:59:59', '2026-05-24 07:00:00', '2026-05-24 20:00:00', 'perche@raidlinks.fr', NULL, 'Mortagne-au-Perche', 'perche.jpg', 48.52211500, 0.55721600, 3),
(108, 'Raid du Bocage', '2026-06-01 00:00:00', '2026-08-15 23:59:59', '2026-09-05 09:00:00', '2026-09-06 17:00:00', 'bocage@azimut.fr', 'https://vikazim.fr/bocage', 'Vire', 'bocage.jpg', 46.45400400, -0.29057700, 1),
(109, 'Raid des Dunes', '2025-01-01 00:00:00', '2025-02-15 00:00:00', '2025-03-01 08:00:00', '2025-03-02 18:00:00', 'dunes@vikazim.fr', NULL, 'Dunes normandes', 'dunes.jpg', 49.28301700, -0.25090500, 1),
(110, 'Raid du Jura', '2025-02-01 00:00:00', '2025-03-15 00:00:00', '2025-04-05 08:00:00', '2025-04-06 18:00:00', 'jura@balise25.fr', NULL, 'Massif du Jura', 'jura.jpg', 43.62509800, 1.47150800, 2),
(111, 'Raid Urbain Évry', '2025-03-01 00:00:00', '2025-04-20 00:00:00', '2025-05-10 09:00:00', '2025-05-10 19:00:00', 'evry@raidlinks.fr', NULL, 'Évry', 'evry.jpg', 49.24717200, 3.62193100, 3),
(112, 'Raid de Cerisy', '2025-03-15 00:00:00', '2025-05-01 00:00:00', '2025-05-25 08:00:00', '2025-05-26 18:00:00', 'cerisy@vikazim.fr', NULL, 'Forêt de Cerisy', 'cerisy.jpg', 49.15102000, -0.97057700, 4),
(113, 'Raid Suisse Normande', '2025-04-01 00:00:00', '2025-05-20 00:00:00', '2025-06-10 08:00:00', '2025-06-11 18:00:00', 'suisse@vikazim.fr', NULL, 'Suisse Normande', 'suisse.jpg', 49.05585600, -1.44119000, 1),
(114, 'Raid des Plateaux', '2025-04-15 00:00:00', '2025-06-01 00:00:00', '2025-06-20 08:00:00', '2025-06-21 18:00:00', 'plateaux@balise25.fr', NULL, 'Plateaux du Doubs', 'plateaux.jpg', 47.50000300, 6.73722600, 2),
(115, 'Raid Vallée de Chevreuse', '2025-05-01 00:00:00', '2025-06-20 00:00:00', '2025-07-10 08:00:00', '2025-07-11 18:00:00', 'chevreuse@raidlinks.fr', NULL, 'Chevreuse', 'chevreuse.jpg', 48.70669300, 2.03721100, 3),
(116, 'Raid du Bessin', '2025-05-15 00:00:00', '2025-07-01 00:00:00', '2025-07-20 08:00:00', '2025-07-21 18:00:00', 'bessin@vikazim.fr', NULL, 'Bessin', 'bessin.jpg', 46.71511000, 2.30334500, 4),
(117, 'Raid des Collines', '2025-06-01 00:00:00', '2025-07-15 00:00:00', '2025-08-05 08:00:00', '2025-08-06 18:00:00', 'collines@vikazim.fr', NULL, 'Collines normandes', 'collines.jpg', 49.12015500, -1.11001900, 1),
(118, 'Raid du Haut-Doubs', '2025-06-15 00:00:00', '2025-08-01 00:00:00', '2025-08-20 08:00:00', '2025-08-21 18:00:00', 'hautdoubs@balise25.fr', NULL, 'Haut-Doubs', 'hautdoubs.jpg', 47.07419900, 6.34969500, 2),
(119, 'Raid CHAMPETRE', '2025-08-10 00:00:00', '2025-10-30 23:59:59', '2025-11-13 10:00:00', '2025-11-14 18:00:00', 'contact@azimut77.fr', NULL, 'PARC INTERCOMMUNAL DEBREUIL 77000 MELUN', 'champetre.jpg', 48.54682900, 2.64712400, 1),
(120, 'Raid O’Bivwak', '2026-01-10 00:00:00', '2026-04-30 23:59:59', '2026-05-23 10:00:00', '2026-05-24 18:00:00', 'dupont.claire@azimut77.fr', NULL, 'Parc des Noues, 7 boulevard de la République 77130', 'obivwak.jpg', 48.38261800, 2.95609200, 1);


INSERT INTO vik_manage_raid (raid_id, user_id)
VALUES (100, 10),
       (101, 14),
       (102, 15),
       (103, 18),
       (104, 19),
       (105, 21),
       (106, 14), 
       (107, 13),
       (108, 15),
       (109,10),
       (110,12),
       (111,13),
       (112,14),
       (113,15),
       (114,18),
       (115,19),
       (116,21),
       (117,10),
       (118,12),
       (120,11);


INSERT INTO `vik_race` (`race_id`, `raid_id`, `type_id`, `dif_id`, `race_name`, `race_duration`, `race_length`, `race_reduction`, `race_start_date`, `race_end_date`, `race_min_part`, `race_max_part`, `race_min_team`, `race_max_team`, `race_max_part_per_team`, `race_meal_price`) VALUES
(200, 100, 1, 2, 'co sprint', '02:00:00', 6.50, 5.00, '2026-04-15 10:00:00', '2026-04-15 12:00:00', 5, 20, 20, 100, 5, 8.00),
(201, 100, 2, 1, 'co découverte', '03:00:00', 4.00, NULL, '2026-04-16 09:00:00', '2026-04-16 12:00:00', 3, 15, 10, 60, 4, NULL),
(202, 101, 1, 3, 'co nocturne', '01:30:00', 8.00, 3.00, '2026-06-15 21:00:00', '2026-06-15 22:30:00', 5, 20, 15, 80, 5, 10.00),
(203, 100, 2, 3, 'co rando grimbosq', '03:00:00', 8.00, 3.00, '2026-04-15 13:00:00', '2026-04-15 16:00:00', 3, 15, 25, 85, 4, 10.00),
(204, 100, 1, 1, 'co challenge grimbosq', '01:00:00', 3.50, 2.50, '2026-04-15 16:00:00', '2026-04-15 17:00:00', 5, 20, 30, 90, 5, NULL),
(205, 100, 2, 2, 'co famille grimbosq', '02:00:00', 4.40, 2.00, '2026-04-15 19:00:00', '2026-04-15 21:00:00', 3, 15, 10, 70, 4, 12.00),
(206, 101, 1, 1, 'co expert caen', '01:30:00', 5.30, 2.00, '2026-06-15 10:00:00', '2026-06-15 11:30:00', 5, 20, 15, 75, 5, 8.00),
(207, 101, 2, 2, 'co orientation caen', '02:00:00', 6.20, 2.50, '2026-06-15 12:00:00', '2026-06-15 14:00:00', 3, 15, 20, 80, 4, NULL),
(208, 101, 1, 3, 'co ultra caen', '03:00:00', 8.90, 3.00, '2026-06-15 14:00:00', '2026-06-15 17:00:00', 5, 20, 25, 85, 5, 14.00),
(209, 101, 2, 1, 'co découverte caen', '01:30:00', 4.40, NULL, '2026-06-15 16:00:00', '2026-06-15 17:30:00', 3, 15, 10, 70, 4, 8.00),
(210, 102, 1, 1, 'co nocturne falaises', '02:00:00', 5.30, 2.00, '2026-08-20 09:00:00', '2026-08-20 11:00:00', 5, 20, 15, 75, 5, NULL),
(211, 102, 2, 2, 'co rando falaises', '03:00:00', 6.20, 2.50, '2026-08-20 11:00:00', '2026-08-20 14:00:00', 3, 15, 20, 80, 4, 10.00),
(212, 102, 1, 3, 'co sprint falaises', '01:30:00', 8.90, 3.00, '2026-08-20 13:00:00', '2026-08-20 14:30:00', 5, 20, 25, 85, 5, 14.00),
(213, 102, 2, 1, 'co découverte falaises', '02:00:00', 4.40, NULL, '2026-08-20 15:00:00', '2026-08-20 17:00:00', 3, 15, 10, 70, 4, 8.00),
(214, 102, 1, 2, 'co challenge falaises', '03:00:00', 7.10, 2.00, '2026-08-20 17:00:00', '2026-08-20 20:00:00', 5, 20, 15, 75, 5, 12.00),
(215, 103, 2, 3, 'co rando marais', '03:00:00', 8.00, 3.00, '2026-09-12 08:00:00', '2026-09-12 11:00:00', 3, 15, 25, 85, 4, 10.00),
(216, 103, 1, 1, 'co challenge marais', '01:00:00', 3.50, 2.50, '2026-09-12 10:00:00', '2026-09-12 11:00:00', 5, 20, 30, 90, 5, NULL),
(217, 103, 2, 2, 'co famille marais', '02:00:00', 4.40, 2.00, '2026-09-12 12:00:00', '2026-09-12 14:00:00', 3, 15, 10, 70, 4, 12.00),
(218, 103, 1, 3, 'co ultra marais', '03:00:00', 8.90, 3.00, '2026-09-12 14:00:00', '2026-09-12 17:00:00', 5, 20, 25, 85, 5, 14.00),
(219, 103, 2, 1, 'co découverte marais', '01:30:00', 4.40, NULL, '2026-09-12 16:00:00', '2026-09-12 17:30:00', 3, 15, 10, 70, 4, 8.00),
(220, 104, 1, 1, 'co nocturne monts', '02:00:00', 5.30, 2.00, '2026-10-10 08:30:00', '2026-10-10 10:30:00', 5, 20, 15, 75, 5, NULL),
(221, 104, 2, 2, 'co rando monts', '03:00:00', 6.20, 2.50, '2026-10-10 10:30:00', '2026-10-10 13:30:00', 3, 15, 20, 80, 4, 10.00),
(222, 104, 1, 3, 'co sprint monts', '01:30:00', 8.90, 3.00, '2026-10-10 12:30:00', '2026-10-10 14:00:00', 5, 20, 25, 85, 5, 14.00),
(223, 104, 2, 1, 'co découverte monts', '02:00:00', 4.40, NULL, '2026-10-10 14:30:00', '2026-10-10 16:30:00', 3, 15, 10, 70, 4, 8.00),
(224, 104, 1, 2, 'co challenge monts', '03:00:00', 7.10, 2.00, '2026-10-10 16:30:00', '2026-10-10 19:30:00', 5, 20, 15, 75, 5, 12.00),
(225, 105, 2, 3, 'co rando côte', '03:00:00', 8.00, 3.00, '2026-11-14 09:00:00', '2026-11-14 12:00:00', 3, 15, 25, 85, 4, 10.00),
(226, 105, 1, 1, 'co challenge côte', '01:00:00', 3.50, 2.50, '2026-11-14 11:00:00', '2026-11-14 12:00:00', 5, 20, 30, 90, 5, NULL),
(227, 105, 2, 2, 'co famille côte', '02:00:00', 4.40, 2.00, '2026-11-14 13:00:00', '2026-11-14 15:00:00', 3, 15, 10, 70, 4, 12.00),
(228, 105, 1, 3, 'co ultra côte', '03:00:00', 8.90, 3.00, '2026-11-14 15:00:00', '2026-11-14 18:00:00', 5, 20, 25, 85, 5, 14.00),
(229, 105, 2, 3, 'co découverte côte', '03:00:00', 10.70, 3.00, '2026-11-14 17:00:00', '2026-11-14 20:00:00', 3, 15, 30, 90, 4, 12.00),
(300, 109, 2, 1, 'Découverte Dunes', '02:00:00', 4.20, NULL, '2025-03-01 09:00:00', '2025-03-01 11:00:00', 3, 15, 10, 60, 4, 8.00),
(301, 109, 1, 2, 'Challenge Dunes', '02:30:00', 6.50, 2.00, '2025-03-01 12:00:00', '2025-03-01 14:30:00', 5, 20, 15, 80, 5, 10.00),
(302, 109, 1, 3, 'Expert Dunes', '03:00:00', 9.00, 3.00, '2025-03-01 15:00:00', '2025-03-01 18:00:00', 5, 20, 25, 90, 5, 14.00),
(303, 110, 2, 1, 'Découverte Jura', '02:00:00', 4.00, NULL, '2025-04-05 09:00:00', '2025-04-05 11:00:00', 3, 15, 10, 60, 4, 8.00),
(304, 110, 1, 2, 'Challenge Jura', '02:30:00', 6.80, 2.00, '2025-04-05 12:00:00', '2025-04-05 14:30:00', 5, 20, 15, 80, 5, 10.00),
(305, 110, 1, 3, 'Expert Jura', '03:00:00', 9.50, 3.00, '2025-04-05 15:00:00', '2025-04-05 18:00:00', 5, 20, 25, 90, 5, 14.00),
(306, 111, 2, 1, 'Découverte Évry', '02:00:00', 4.10, NULL, '2025-05-10 09:00:00', '2025-05-10 11:00:00', 3, 15, 10, 60, 4, 8.00),
(307, 111, 1, 2, 'Challenge Évry', '02:30:00', 6.60, 2.00, '2025-05-10 12:00:00', '2025-05-10 14:30:00', 5, 20, 15, 80, 5, 10.00),
(308, 111, 1, 3, 'Expert Évry', '03:00:00', 9.20, 3.00, '2025-05-10 15:00:00', '2025-05-10 18:00:00', 5, 20, 25, 90, 5, 14.00),
(309, 119, 2, 1, 'LUTIN', '02:30:00', 5.00, NULL, '2025-11-13 10:00:00', '2025-11-13 18:00:00', 2, 8, 2, 8, 2, 8.00),
(310, 119, 1, 3, 'ELFE', '07:00:00', 30.00, NULL, '2025-11-14 05:00:00', '2025-11-14 18:00:00', 2, 8, 2, 8, 2, 10.00),
(311, 120, 2, 3, 'Parcours A', '06:30:00', 20.00, NULL, '2026-05-23 10:00:00', '2026-05-23 20:00:00', 10, 40, 2, 2, 2, 0.00),
(312, 120, 1, 2, 'Parcours B', '04:00:00', 10.00, NULL, '2026-05-24 10:00:00', '2026-05-24 18:00:00', 2, 8, 2, 2, 2, 0.00),
(313, 120, 1, 2, 'Parcours C', '01:30:00', 2.00, NULL, '2026-05-24 14:00:00', '2026-05-24 17:00:00', 10, 50, 2, 2, 2, 0.00);


INSERT INTO vik_race_manager (race_id, user_id)
VALUES (200, 10),
       (201, 10),
       (202, 14),
       (203, 10),
       (204, 10),
       (205, 10),
       (206, 14),
       (207, 14),
       (208, 14),
       (209, 14),
       (210, 15),
       (211, 15),
       (212, 15),
       (213, 15),
       (214, 15),
       (215, 17),
       (216, 17),
       (217, 17),
       (218, 17),
       (219, 17),
       (220, 19),
       (221, 19),
       (222, 19),
       (223, 19),
       (224, 19),
       (225, 21),
       (226, 21),
       (227, 21),
       (228, 21),
       (229, 21),
       (300,10),
       (301,10),
       (302,10),
       (303,12),
       (304,12),       
       (305,12),
       (306,13),
       (307,13),
       (308,13),
       (309, 15),
       (310, 15),
       (311, 22),
       (312, 15),
       (313, 15);

INSERT INTO vik_race_age_cat (age_id, race_id, bel_price)
VALUES (1, 200, 10.00),
       (2, 200, 15.00),
       (3, 200, 20.00),
       (1, 201, 5.00),
       (2, 201, 8.00),
       (3, 201, 10.00),
       (1, 202, 12.00),
       (2, 202, 18.00),
       (3, 202, 22.00),
       (1, 203, 9.66),
       (2, 203, 12.42),
       (3, 203, 13.80),
       (1, 204, 7.14),
       (2, 204, 9.18),
       (3, 204, 10.20),
       (1, 205, 7.98),
       (2, 205, 10.26),
       (3, 205, 11.40),
       (1, 206, 9.03),
       (2, 206, 11.61),
       (3, 206, 12.90),
       (1, 207, 8.10),
       (2, 207, 10.41),
       (3, 207, 11.57),
       (1, 208, 11.34),
       (2, 208, 14.58),
       (3, 208, 16.20),
       (1, 209, 6.72),
       (2, 209, 8.64),
       (3, 209, 9.60),
       (1, 210, 9.03),
       (2, 210, 11.61),
       (3, 210, 12.90),
       (1, 211, 8.10),
       (2, 211, 10.41),
       (3, 211, 11.57),
       (1, 212, 11.34),
       (2, 212, 14.58),
       (3, 212, 16.20),
       (1, 213, 6.72),
       (2, 213, 8.64),
       (3, 213, 9.60),
       (1, 214, 9.87),
       (2, 214, 12.69),
       (3, 214, 14.10),
       (1, 215, 9.66),
       (2, 215, 12.42),
       (3, 215, 13.80),
       (1, 216, 7.14),
       (2, 216, 9.18),
       (3, 216, 10.20),
       (1, 217, 7.98),
       (2, 217, 10.26),
       (3, 217, 11.40),
       (1, 218, 11.34),
       (2, 218, 14.58),
       (3, 218, 16.20),
       (1, 219, 6.72),
       (2, 219, 8.64),
       (3, 219, 9.60),
       (1, 220, 9.03),
       (2, 220, 11.61),
       (3, 220, 12.90),
       (1, 221, 8.10),
       (2, 221, 10.41),
       (3, 221, 11.57),
       (1, 222, 11.34),
       (2, 222, 14.58),
       (3, 222, 16.20),
       (1, 223, 6.72),
       (2, 223, 8.64),
       (3, 223, 9.60),
       (1, 224, 9.87),
       (2, 224, 12.69),
       (3, 224, 14.10),
       (1, 225, 9.66),
       (2, 225, 12.42),
       (3, 225, 13.80),
       (1, 226, 7.14),
       (2, 226, 9.18),
       (3, 226, 10.20),
       (1, 227, 7.98),
       (2, 227, 10.26),
       (3, 227, 11.40),
       (1, 228, 11.34),
       (2, 228, 14.58),
       (3, 228, 16.20),
       (1, 229, 12.47),
       (2, 229, 16.02),
       (3, 229, 17.80),
       (1,300,6),
       (2,300,8),
       (3,300,10),
       (1,303,6),
       (2,303,8),
       (3,303,10),
       (1,306,6),
       (2,306,8),
       (3,306,10),
       (1,301,8),
       (2,301,10),
       (3,301,12),
       (1,304,8),
       (2,304,10),
       (3,304,12),
       (1,307,8),
       (2,307,10),
       (3,307,12),
       (1,302,11),
       (2,302,14),
       (3,302,16),
       (1,305,11),
       (2,305,14),
       (3,305,16),
       (1,308,11),
       (2,308,14),
       (3,308,16);


INSERT INTO `vik_team` (`team_id`, `race_id`, `user_id`, `team_name`, `team_picture`, `team_time`, `team_point`) VALUES
(300, 200, 10, 'les balises fous', 'team1.jpg', NULL, NULL),
(301, 201, 11, 'team découverte', NULL, NULL, NULL),
(400, 300, 17, 'Les Balises Furtives', NULL, '02:45:00', 199),
(401, 300, 13, 'Les Traqueurs du Nord', NULL, '03:01:25', 145),
(402, 300, 27, 'Cap sur l’Azimut', NULL, '03:14:34', 157),
(403, 301, 11, 'Black Compass', NULL, '06:21:35', 199),
(404, 301, 17, 'Strike Balise', NULL, '05:47:22', 287),
(405, 301, 12, 'Silver Meridian', NULL, '05:23:25', 322),
(406, 301, 26, 'Élite Azimut', NULL, '05:33:56', 322),
(407, 312, 18, 'DORMEUR', NULL, NULL, NULL),
(408, 312, 23, 'ATCHOUM', NULL, NULL, NULL),
(409, 312, 23, 'SIMPLET', NULL, NULL, NULL),
(900, 300, 11, 'Dunes Rapides', 't300_1.jpg', '01:42:15', 88),
(901, 300, 12, 'Dunes Endurance', 't300_2.jpg', '01:48:40', 82),
(902, 300, 13, 'Dunes Stratèges', 't300_3.jpg', '01:55:10', 75),
(903, 301, 14, 'Challenge Dunes A', 't301_1.jpg', '02:14:22', 94),
(904, 301, 15, 'Challenge Dunes B', 't301_2.jpg', '02:21:10', 89),
(905, 301, 16, 'Challenge Dunes C', 't301_3.jpg', '02:28:55', 83),
(906, 302, 17, 'Expert Dunes A', 't302_1.jpg', '02:45:12', 98),
(907, 302, 18, 'Expert Dunes B', 't302_2.jpg', '02:52:40', 93),
(908, 302, 19, 'Expert Dunes C', 't302_3.jpg', '02:58:30', 87),
(909, 303, 20, 'Jura Rapides', 't303_1.jpg', '01:41:20', 86),
(910, 303, 21, 'Jura Endurance', 't303_2.jpg', '01:47:55', 81),
(911, 303, 22, 'Jura Stratèges', 't303_3.jpg', '01:54:10', 74),
(912, 304, 23, 'Challenge Jura A', 't304_1.jpg', '02:16:40', 92),
(913, 304, 24, 'Challenge Jura B', 't304_2.jpg', '02:23:15', 87),
(914, 304, 25, 'Challenge Jura C', 't304_3.jpg', '02:29:50', 82),
(915, 305, 26, 'Expert Jura A', 't305_1.jpg', '02:46:10', 97),
(916, 305, 27, 'Expert Jura B', 't305_2.jpg', '02:53:05', 91),
(917, 305, 28, 'Expert Jura C', 't305_3.jpg', '02:59:00', 86),
(918, 306, 11, 'Évry Rapides', 't306_1.jpg', '01:42:00', 85),
(919, 306, 12, 'Évry Endurance', 't306_2.jpg', '01:49:30', 80),
(920, 306, 13, 'Évry Stratèges', 't306_3.jpg', '01:56:20', 74),
(921, 307, 14, 'Challenge Évry A', 't307_1.jpg', '02:15:40', 91),
(922, 307, 15, 'Challenge Évry B', 't307_2.jpg', '02:22:05', 86),
(923, 307, 16, 'Challenge Évry C', 't307_3.jpg', '02:28:30', 81),
(924, 308, 17, 'Expert Évry A', 't308_1.jpg', '02:47:00', 96),
(925, 308, 18, 'Expert Évry B', 't308_2.jpg', '02:54:20', 90),
(926, 308, 19, 'Expert Évry C', 't308_3.jpg', '02:59:10', 85),
(1204, 204, 12, 'team 204', 'team_204.jpg', NULL, NULL),
(1205, 205, 14, 'team 205', 'team_205.jpg', NULL, NULL),
(1206, 206, 16, 'team 206', NULL, NULL, NULL),
(1207, 207, 18, 'team 207', 'team_207.jpg', NULL, NULL),
(1208, 208, 20, 'team 208', 'team_208.jpg', NULL, NULL),
(1210, 210, 24, 'team 210', 'team_210.jpg', NULL, NULL),
(1211, 211, 26, 'team 211', 'team_211.jpg', NULL, NULL),
(1212, 212, 28, 'team 212', NULL, NULL, NULL),
(1229, 229, 12, 'team 229', 'team_229.jpg', NULL, NULL);

INSERT INTO `vik_join_race` (`user_id`, `race_id`, `team_id`, `jrace_licence_num`, `jrace_pps`, `jrace_presence_valid`, `jrace_payement_valid`) VALUES
(10, 205, 1205, 123456, NULL, 1, 0),
(11, 200, 300, NULL, 'pps_claire.pdf', 1, 1),
(11, 201, 301, NULL, 'pps_claire.pdf', 1, 1),
(11, 205, 1205, NULL, 'pps_11.pdf', 1, 0),
(11, 310, 403, NULL, NULL, 1, 1),
(12, 201, 301, NULL, 'pps_lucas.pdf', 1, 1),
(12, 204, 1204, NULL, 'pps_12.pdf', 0, 0),
(12, 310, 405, NULL, NULL, 1, 1),
(12, 310, 406, NULL, NULL, 1, 1),
(13, 200, 300, 654321, NULL, 1, 1),
(13, 204, 1204, 654321, NULL, 0, 0),
(13, 309, 401, NULL, NULL, 1, 1),
(13, 310, 404, NULL, NULL, 1, 1),
(14, 204, 1204, 777888, NULL, 0, 0),
(14, 205, 1205, 777888, NULL, 1, 0),
(16, 206, 1206, NULL, 'pps_16.pdf', 0, 1),
(17, 206, 1206, 100629, NULL, 0, 1),
(17, 309, 400, NULL, NULL, 1, 1),
(17, 310, 404, NULL, NULL, 1, 1),
(18, 206, 1206, NULL, 'pps_18.pdf', 0, 1),
(18, 207, 1207, NULL, 'pps_18.pdf', 1, 0),
(18, 310, 405, NULL, NULL, 1, 1),
(18, 312, 407, NULL, NULL, 1, 1),
(19, 207, 1207, 100703, NULL, 1, 0),
(19, 309, 401, NULL, NULL, 1, 1),
(20, 207, 1207, NULL, 'pps_20.pdf', 1, 0),
(20, 208, 1208, NULL, 'pps_20.pdf', 0, 0),
(20, 310, 403, NULL, NULL, 1, 1),
(21, 208, 1208, 100777, NULL, 0, 0),
(21, 309, 402, NULL, NULL, 1, 1),
(21, 312, 409, NULL, NULL, 1, 1),
(22, 208, 1208, NULL, 'pps_22.pdf', 0, 0),
(22, 312, 409, NULL, NULL, 1, 1),
(23, 312, 408, NULL, NULL, 1, 1),
(24, 210, 1210, NULL, 'pps_24.pdf', 0, 0),
(24, 312, 408, NULL, NULL, 1, 1),
(25, 210, 1210, 100925, NULL, 0, 0),
(25, 312, 407, NULL, NULL, 1, 1),
(26, 210, 1210, NULL, 'pps_26.pdf', 0, 0),
(26, 211, 1211, NULL, 'pps_26.pdf', 1, 0),
(26, 310, 406, NULL, NULL, 1, 1),
(27, 211, 1211, 100999, NULL, 1, 0),
(27, 309, 402, NULL, NULL, 1, 1),
(28, 211, 1211, NULL, 'pps_28.pdf', 1, 0),
(28, 212, 1212, NULL, 'pps_28.pdf', 0, 1),
(29, 212, 1212, 101073, NULL, 0, 1),
(29, 309, 400, NULL, NULL, 1, 1),
(30, 212, 1212, NULL, 'pps_30.pdf', 0, 1);

